{"v":"2.4","w":128,"h":16,"fps":8,"bg":"#2c2c2c","mc":false,"l":[{"d":0,"x":0,"y":0,"f":{"s":0,"e":0},"t":[],"n":1,"r":0,"w":1,"v":0.1,"c":"#d6e4ff","ws":false,"l":4,"lc":1},{"d":1,"x":0,"y":0,"f":{"s":1,"e":1},"t":[],"n":1,"r":0,"w":1,"v":0.1,"c":"#d6e4ff","ws":false,"l":4,"lc":2},{"d":2,"x":0,"y":0,"f":{"s":2,"e":2},"t":[],"n":1,"r":0,"w":1,"v":0.1,"c":"#d6e4ff","ws":false,"l":4,"lc":2},{"d":3,"x":0,"y":0,"f":{"s":3,"e":3},"t":[],"n":1,"r":0,"w":1,"v":0.1,"c":"#d6e4ff","ws":false,"l":4,"lc":0}],"d":[[[4.333333333333333,2.6666666666666665],[4,3],[4,6.666666666666667],[4,8.666666666666666],[4.333333333333333,10.666666666666666],[4.333333333333333,12.666666666666666],[4.333333333333333,13.666666666666666],[4.666666666666667,13.666666666666666],[4.666666666666667,13],0,[1.3333333333333333,7.666666666666667],[1.6666666666666667,7],[2.6666666666666665,6.666666666666667],[3.6666666666666665,6.333333333333333],[5.333333333333333,5.666666666666667],[6,5.666666666666667],[6.333333333333333,5.666666666666667],[6.333333333333333,5.666666666666667],0,[15,3.3333333333333335],[14,4],[13.333333333333334,6],[13,7.666666666666667],[12.666666666666666,9.333333333333334],[12.666666666666666,10.333333333333334],[12.666666666666666,10.666666666666666],[12.666666666666666,11.666666666666666],[12.666666666666666,12.333333333333334],0,[11,9.666666666666666],[11.666666666666666,9.666666666666666],[13.333333333333334,9.666666666666666],[14.666666666666666,9.666666666666666],[15.333333333333334,9.666666666666666],0,[23.333333333333332,1.6666666666666667],[23.333333333333332,2.3333333333333335],[23.333333333333332,4],[23.333333333333332,8],[23.333333333333332,12],[23.333333333333332,13.333333333333334],[23.333333333333332,13.333333333333334],[23.333333333333332,13.333333333333334],0,[21.666666666666668,7],[22.333333333333332,6],[24,4.666666666666667],[26.333333333333332,3],0,[32,2.3333333333333335],[32,3],[32,5.333333333333333],[32,9],[32,9.666666666666666],[32.333333333333336,12.333333333333334],[32.333333333333336,11.666666666666666],0,[31.333333333333332,6.333333333333333],[32.333333333333336,7],[33.666666666666664,8.666666666666666],[34.666666666666664,10],[35.333333333333336,10.333333333333334],[35.333333333333336,10.333333333333334],[35.333333333333336,10.666666666666666],[35.333333333333336,10.666666666666666],[35.333333333333336,11],0,[39,3],[39,4],[39,6.333333333333333],[39,9],[39,10.666666666666666],[39,10.666666666666666],0,[38,6.333333333333333],[37.666666666666664,6.333333333333333],[40.666666666666664,4.333333333333333],[41.666666666666664,3.6666666666666665],0,[49.666666666666664,10],[50,9.333333333333334],[50.666666666666664,7.666666666666667],[52,5.666666666666667],[52.666666666666664,4.666666666666667],[53.333333333333336,3.6666666666666665],[54,2],[54.333333333333336,1.3333333333333333],[54.333333333333336,1.3333333333333333],[54.333333333333336,1.3333333333333333],[54.333333333333336,1.3333333333333333],[54,1.3333333333333333],0,[50.666666666666664,4.333333333333333],[51.333333333333336,4.333333333333333],[52,5],[52.666666666666664,5.333333333333333],[53.333333333333336,5.333333333333333],0,[66,2.6666666666666665],[65.66666666666667,3.3333333333333335],[65.66666666666667,6],[65.66666666666667,8.333333333333334],[65.66666666666667,11],[65.66666666666667,11],0,[63.333333333333336,6.666666666666667],[63.666666666666664,6],[65,5.333333333333333],[65.66666666666667,5],[65.66666666666667,5],0,[81.33333333333333,2],[81,4.333333333333333],[81.66666666666667,7],[82,8.666666666666666],[82,8.666666666666666],0,[80.66666666666667,5.666666666666667],[81,5.666666666666667],[83,4],[84.33333333333333,3],0,[90,1.3333333333333333],[90.33333333333333,2],[90,5],[89.66666666666667,7.333333333333333],[89.66666666666667,9.666666666666666],[89.66666666666667,11.333333333333334],[89,12],[89,11.666666666666666],0,[88,9.666666666666666],[89,8],[90.33333333333333,6.333333333333333],[91.33333333333333,5.333333333333333],[91.66666666666667,5.333333333333333],0,[99.66666666666667,1.3333333333333333],[99.66666666666667,2.3333333333333335],[99.66666666666667,4],[99.66666666666667,6],[99.66666666666667,7.333333333333333],[99.66666666666667,8],[99.66666666666667,9],[100,10],[100,11],[100,11.333333333333334],[100,11.666666666666666],[100,11.666666666666666],[100,11.666666666666666],0,[98.33333333333333,10.666666666666666],[99.33333333333333,10.333333333333334],[100.33333333333333,9],[101.66666666666667,7.666666666666667],0,[107,4.333333333333333],[106.66666666666667,5.333333333333333],[106.66666666666667,7.666666666666667],[106.33333333333333,10.333333333333334],[106.66666666666667,10.666666666666666],[106.66666666666667,10.666666666666666],[106.66666666666667,10.666666666666666],0,[104.66666666666667,8.333333333333334],[104.66666666666667,8.666666666666666],[106.66666666666667,7.666666666666667],[108,7.333333333333333],[109.66666666666667,6.666666666666667],0,[113.33333333333333,3.6666666666666665],[112.33333333333333,5.333333333333333],[111,7.666666666666667],[110,10],[110,11],[110,11.333333333333334],[109.66666666666667,11.666666666666666],0,[111.66666666666667,3.6666666666666665],[112,4.333333333333333],[112.66666666666667,5.666666666666667],[113,6.666666666666667],[113.33333333333333,6.666666666666667],[113.33333333333333,7.333333333333333],0,[119.66666666666667,3],[120,3.3333333333333335],[120.66666666666667,5],[121.33333333333333,6],[121.66666666666667,7.666666666666667],[122,9],[122,9.666666666666666],[122.33333333333333,10],[122.33333333333333,10.666666666666666],[122.33333333333333,11.666666666666666],[122.33333333333333,12.333333333333334],[122.33333333333333,12.333333333333334],[122.33333333333333,12.333333333333334],0,[119,6.666666666666667],[119.33333333333333,6.333333333333333],[121.33333333333333,5],[123,4],[124,3.3333333333333335],0],[[9.666666666666666,2.6666666666666665],[10.333333333333334,3.3333333333333335],[11,6.333333333333333],[11.666666666666666,8.333333333333334],[12,10.333333333333334],[12,11.666666666666666],[12.333333333333334,13],[12.333333333333334,14],[12.666666666666666,14],[12.666666666666666,13.666666666666666],0,[10.333333333333334,6.666666666666667],[10.333333333333334,6.333333333333333],[12.666666666666666,5.333333333333333],[13.666666666666666,4.666666666666667],[13.666666666666666,5.333333333333333],0,[20,1.6666666666666667],[20,2.3333333333333335],[19.666666666666668,4.333333333333333],[18.666666666666668,7.333333333333333],[18,11],[18,11.666666666666666],[18,12],[18,12.666666666666666],[18,12.666666666666666],0,[17,5.333333333333333],[17.666666666666668,5.333333333333333],[18.666666666666668,6],[19.666666666666668,6.666666666666667],[20.666666666666668,7],[21,7],0,[30.666666666666668,2.3333333333333335],[30.333333333333332,3.6666666666666665],[30.333333333333332,6],[30.333333333333332,9.666666666666666],[30.666666666666668,11.333333333333334],[30.666666666666668,12.666666666666666],[30.666666666666668,13.666666666666666],[30.666666666666668,14],0,[29.333333333333332,11.333333333333334],[30,11.666666666666666],[31.666666666666668,10.666666666666666],[32.666666666666664,10],0,[41.333333333333336,0.6666666666666666],[41.666666666666664,2],[41.666666666666664,6.333333333333333],[41.333333333333336,10],[41.333333333333336,10.333333333333334],[41.333333333333336,10.333333333333334],0,[39.333333333333336,6.333333333333333],[42,6],[44.333333333333336,5.666666666666667],0,[46,1.6666666666666667],[46,2.3333333333333335],[46.333333333333336,5],[46.666666666666664,9],[46.666666666666664,11],[47,11.333333333333334],[47.333333333333336,11.333333333333334],[47.333333333333336,11],0,[44.666666666666664,10.333333333333334],[45,9.666666666666666],[45.333333333333336,9.333333333333334],[46.666666666666664,8.333333333333334],[47.666666666666664,7.666666666666667],0,[58.333333333333336,2],[58,2.6666666666666665],[58,4],[57.666666666666664,7.333333333333333],[57.666666666666664,10],[57.666666666666664,11.333333333333334],[57.666666666666664,12.333333333333334],